{
	"__comment": "Designed by Smuthy with Cubik Studio - https://cubik.studio",
	"parent": "block/template_orientable_trapdoor_top",
	"textures": {
		"texture": "block/acacia_trapdoor"
	},
	"elements": [ 	 
		{
			"__comment": "Box1",
			"from": [ -0.0003, -0.0002, 13 ],
			"to": [ 15.9997, 2.9998, 16 ],
			"rotation": { "origin": [ 11, 13, 16 ], "axis": "z", "angle": 0 },
			"faces": {
				"down": { "uv": [ 0, 0, 16, 3 ], "texture": "#texture", "rotation": 180 },
				"up": { "uv": [ 16, 1, 0, 0 ], "texture": "#texture", "rotation": 180 },
				"north": { "uv": [ 0, 0, 16, 3 ], "texture": "#texture", "rotation": 180 },
				"south": { "uv": [ 16, 3, 0, 0 ], "texture": "#texture", "rotation": 180 },
				"west": { "uv": [ 0, 0, 3, 3 ], "texture": "#texture", "rotation": 270 },
				"east": { "uv": [ 13, 0, 16, 3 ], "texture": "#texture", "rotation": 90 }
			}
		},
		{
			"__comment": "Box1",
			"from": [ -0.0003, 13.0001, 13 ],
			"to": [ 15.9997, 16.0001, 16 ],
			"rotation": { "origin": [ 11, 13, 16 ], "axis": "z", "angle": 0 },
			"faces": {
				"down": { "uv": [ 0, 0, 16, 1 ], "texture": "#texture", "rotation": 180 },
				"up": { "uv": [ 16, 3, 0, 0 ], "texture": "#texture", "rotation": 180 },
				"north": { "uv": [ 0, 13, 16, 16 ], "texture": "#texture", "rotation": 180 },
				"south": { "uv": [ 16, 16, 0, 13 ], "texture": "#texture", "rotation": 180 },
				"west": { "uv": [ 13, 0, 16, 3 ], "texture": "#texture", "rotation": 270 },
				"east": { "uv": [ 0, 0, 3, 3 ], "texture": "#texture", "rotation": 90 }
			}
		},
		{
			"__comment": "Box4",
			"from": [ -0.0001, 2.9998, 13 ],
			"to": [ 2.999899, 12.9998, 16 ],
			"rotation": { "origin": [ 11, 13, 16 ], "axis": "z", "angle": 0 },
			"faces": {
				"down": { "uv": [ 0, 10, 3, 13 ], "texture": "#texture", "rotation": 180 },
				"up": { "uv": [ 3, 13, 0, 10 ], "texture": "#texture", "rotation": 180 },
				"north": { "uv": [ 0, 3, 3, 13 ], "texture": "#texture", "rotation": 180 },
				"south": { "uv": [ 3, 3, 0, 13 ], "texture": "#texture", "rotation": 180 },
				"west": { "uv": [ 3, 0, 13, 3 ], "texture": "#texture", "rotation": 270 },
				"east": { "uv": [ 2, 3, 3, 13 ], "texture": "#texture", "rotation": 90 }
			}
		},
		{
			"__comment": "Box4",
			"from": [ 13, 3.0001, 13 ],
			"to": [ 16, 13.0001, 16 ],
			"rotation": { "origin": [ 11, 13, 16 ], "axis": "z", "angle": 0 },
			"faces": {
				"down": { "uv": [ 0, 10, 3, 13 ], "texture": "#texture", "rotation": 180 },
				"up": { "uv": [ 3, 13, 0, 10 ], "texture": "#texture", "rotation": 180 },
				"north": { "uv": [ 0, 13, 3, 3 ], "texture": "#texture", "rotation": 180 },
				"south": { "uv": [ 3, 13, 0, 3 ], "texture": "#texture", "rotation": 180 },
				"west": { "uv": [ 0, 3, 2, 13 ], "texture": "#texture" },
				"east": { "uv": [ 3, 0, 13, 3 ], "texture": "#texture", "rotation": 90 }
			}
		},
		{
			"__comment": "Box6",
			"from": [ 5, 2.9999, 13 ],
			"to": [ 7, 12.9999, 16 ],
			"rotation": { "origin": [ 11, 13, 16 ], "axis": "z", "angle": 0 },
			"faces": {
				"down": { "uv": [ 5, 3, 7, 6 ], "texture": "#texture", "rotation": 180 },
				"up": { "uv": [ 7, 13, 5, 10 ], "texture": "#texture", "rotation": 180 },
				"north": { "uv": [ 5, 3, 7, 13 ], "texture": "#texture", "rotation": 180 },
				"south": { "uv": [ 7, 13, 5, 3 ], "texture": "#texture", "rotation": 180 },
				"west": { "uv": [ 5, 3, 6, 13 ], "texture": "#texture", "rotation": 270 },
				"east": { "uv": [ 6, 3, 7, 13 ], "texture": "#texture", "rotation": 90 }
			}
		},
		{
			"__comment": "Box6",
			"from": [ 9, 3, 13 ],
			"to": [ 11, 13, 16 ],
			"rotation": { "origin": [ 11, 13, 16 ], "axis": "z", "angle": 0 },
			"faces": {
				"down": { "uv": [ 5, 3, 7, 6 ], "texture": "#texture", "rotation": 180 },
				"up": { "uv": [ 7, 13, 5, 10 ], "texture": "#texture", "rotation": 180 },
				"north": { "uv": [ 5, 3, 7, 13 ], "texture": "#texture", "rotation": 180 },
				"south": { "uv": [ 7, 13, 5, 3 ], "texture": "#texture", "rotation": 180 },
				"west": { "uv": [ 5, 3, 6, 13 ], "texture": "#texture", "rotation": 270 },
				"east": { "uv": [ 6, 3, 7, 13 ], "texture": "#texture", "rotation": 90 }
			}
		}
	]
}