{
	"__comment": "Designed by Smuthy with Cubik Studio - https://cubik.studio",
	"parent": "block/template_orientable_trapdoor_top",
	"textures": {
		"texture": "block/acacia_trapdoor"
	},
	"elements": [ 	 
		{
			"__comment": "Box1",
			"from": [ 0, 13, 13 ],
			"to": [ 16, 16, 16 ],
			"faces": {
				"down": { "uv": [ 0, 0, 16, 3 ], "texture": "#texture", "rotation": 180 },
				"up": { "uv": [ 0, 0, 16, 3 ], "texture": "#texture", "rotation": 180 },
				"north": { "uv": [ 0, 0, 16, 1 ], "texture": "#texture" },
				"south": { "uv": [ 0, 0, 16, 3 ], "texture": "#texture" },
				"west": { "uv": [ 13, 0, 16, 3 ], "texture": "#texture" },
				"east": { "uv": [ 0, 0, 3, 3 ], "texture": "#texture" }
			}
		},
		{
			"__comment": "Box1",
			"from": [ 0.0001, 13, -0.0003 ],
			"to": [ 16.0001, 16, 2.9997 ],
			"faces": {
				"down": { "uv": [ 0, 13, 16, 16 ], "texture": "#texture", "rotation": 180 },
				"up": { "uv": [ 0, 13, 16, 16 ], "texture": "#texture", "rotation": 180 },
				"north": { "uv": [ 0, 0, 16, 3 ], "texture": "#texture" },
				"south": { "uv": [ 0, 0, 16, 1 ], "texture": "#texture" },
				"west": { "uv": [ 0, 0, 3, 3 ], "texture": "#texture" },
				"east": { "uv": [ 13, 0, 16, 3 ], "texture": "#texture" }
			}
		},
		{
			"__comment": "Box4",
			"from": [ 12.9999, 13, 3 ],
			"to": [ 15.9999, 16, 13 ],
			"faces": {
				"down": { "uv": [ 0, 13, 3, 3 ], "texture": "#texture", "rotation": 180 },
				"up": { "uv": [ 0, 3, 3, 13 ], "texture": "#texture", "rotation": 180 },
				"north": { "uv": [ 0, 10, 3, 13 ], "texture": "#texture" },
				"south": { "uv": [ 0, 10, 3, 13 ], "texture": "#texture" },
				"west": { "uv": [ 2, 3, 3, 13 ], "texture": "#texture" },
				"east": { "uv": [ 3, 0, 13, 3 ], "texture": "#texture" }
			}
		},
		{
			"__comment": "Box4",
			"from": [ -0.0002, 13, 2.9997 ],
			"to": [ 2.9998, 16, 12.9997 ],
			"faces": {
				"down": { "uv": [ 0, 3, 3, 13 ], "texture": "#texture", "rotation": 180 },
				"up": { "uv": [ 0, 13, 3, 3 ], "texture": "#texture", "rotation": 180 },
				"north": { "uv": [ 0, 10, 3, 13 ], "texture": "#texture" },
				"south": { "uv": [ 0, 10, 3, 13 ], "texture": "#texture" },
				"west": { "uv": [ 3, 0, 13, 3 ], "texture": "#texture" },
				"east": { "uv": [ 0, 3, 2, 13 ], "texture": "#texture", "rotation": 90 }
			}
		},
		{
			"__comment": "Box6",
			"from": [ 8.9998, 13, 2.9999 ],
			"to": [ 10.9998, 16, 12.9999 ],
			"faces": {
				"down": { "uv": [ 5, 3, 7, 13 ], "texture": "#texture", "rotation": 180 },
				"up": { "uv": [ 5, 3, 7, 13 ], "texture": "#texture", "rotation": 180 },
				"north": { "uv": [ 5, 10, 7, 13 ], "texture": "#texture" },
				"south": { "uv": [ 5, 3, 7, 6 ], "texture": "#texture" },
				"west": { "uv": [ 6, 3, 7, 13 ], "texture": "#texture" },
				"east": { "uv": [ 5, 3, 6, 13 ], "texture": "#texture" }
			}
		},
		{
			"__comment": "Box6",
			"from": [ 4.9998, 13, 2.9998 ],
			"to": [ 6.9998, 16, 12.9998 ],
			"faces": {
				"down": { "uv": [ 5, 3, 7, 13 ], "texture": "#texture", "rotation": 180 },
				"up": { "uv": [ 5, 3, 7, 13 ], "texture": "#texture", "rotation": 180 },
				"north": { "uv": [ 5, 10, 7, 13 ], "texture": "#texture" },
				"south": { "uv": [ 5, 3, 7, 6 ], "texture": "#texture" },
				"west": { "uv": [ 6, 3, 7, 13 ], "texture": "#texture" },
				"east": { "uv": [ 5, 3, 6, 13 ], "texture": "#texture" }
			}
		}
	]
}