{
	"__comment": "Designed by Smuthy with Cubik Studio - https://cubik.studio",
	"parent": "block/rail_flat",
	"textures": {
		"rail": "block/activator_rail_on",
		"particle": "block/activator_rail_on",
		"texture": "block_source/activator_rail_on_raised",
		"texture1": "block_source/activator_rail_on_raised2"
	},
	"elements": [ 	 
		{
			"__comment": "Box1",
			"from": [ 2, 0, 0.25 ],
			"to": [ 4, 1, 23.25 ],
			"rotation": { "origin": [ 2, 0, 0.25 ], "axis": "x", "angle": -45 },
			"faces": {
				"down": { "uv": [ 2, 16, 4, 0 ], "texture": "#texture" },
				"up": { "uv": [ 2, 0, 4, 16 ], "texture": "#texture" },
				"north": { "uv": [ 2, 0.666667, 4, 0 ], "texture": "#texture", "rotation": 180 },
				"south": { "uv": [ 2, 16, 4, 15.33333 ], "texture": "#texture" },
				"west": { "uv": [ 2, 16, 3, 0 ], "texture": "#texture", "rotation": 90 },
				"east": { "uv": [ 3, 16, 4, 0 ], "texture": "#texture", "rotation": 270 }
			}
		},
		{
			"__comment": "Box1",
			"from": [ 12, 0, 0.25 ],
			"to": [ 14, 1, 23.25 ],
			"rotation": { "origin": [ 2, 0, 0.25 ], "axis": "x", "angle": -45 },
			"faces": {
				"down": { "uv": [ 12, 16, 14, 0 ], "texture": "#texture" },
				"up": { "uv": [ 12, 0, 14, 16 ], "texture": "#texture" },
				"north": { "uv": [ 12, 0, 14, 0.666666 ], "texture": "#texture", "rotation": 180 },
				"south": { "uv": [ 12, 15.33333, 14, 16 ], "texture": "#texture" },
				"west": { "uv": [ 12, 16, 13, 0 ], "texture": "#texture", "rotation": 90 },
				"east": { "uv": [ 13, 16, 14, 0 ], "texture": "#texture", "rotation": 270 }
			}
		},
		{
			"__comment": "Box3",
			"from": [ 1, 0, 8.25 ],
			"to": [ 15, 0.5, 10.25 ],
			"rotation": { "origin": [ 2, 0, 0.25 ], "axis": "x", "angle": -45 },
			"faces": {
				"down": { "uv": [ 1, 7.333334, 15, 6 ], "texture": "#texture1" },
				"up": { "uv": [ 1, 6, 15, 7.333333 ], "texture": "#texture1" },
				"north": { "uv": [ 1, 5, 15, 6 ], "texture": "#rail" },
				"south": { "uv": [ 1, 6, 15, 7 ], "texture": "#rail" },
				"west": { "uv": [ 1, 1, 2, 3 ], "texture": "#rail", "rotation": 270 },
				"east": { "uv": [ 14, 1, 15, 3 ], "texture": "#rail", "rotation": 90 }
			}
		},
		{
			"__comment": "Box3",
			"from": [ 1, 0, 4.375 ],
			"to": [ 15, 0.5, 6.375 ],
			"rotation": { "origin": [ 2, 0, 0.25 ], "axis": "x", "angle": -45 },
			"faces": {
				"down": { "uv": [ 1, 4.666666, 15, 3.333333 ], "texture": "#texture1" },
				"up": { "uv": [ 1, 3.333333, 15, 4.666667 ], "texture": "#texture1" },
				"north": { "uv": [ 1, 1, 15, 2 ], "texture": "#rail" },
				"south": { "uv": [ 1, 2, 15, 3 ], "texture": "#rail" },
				"west": { "uv": [ 1, 1, 2, 3 ], "texture": "#rail", "rotation": 270 },
				"east": { "uv": [ 14, 1, 15, 3 ], "texture": "#rail", "rotation": 90 }
			}
		},
		{
			"__comment": "Box3",
			"from": [ 1, 0, 12.25 ],
			"to": [ 15, 0.5, 14.25 ],
			"rotation": { "origin": [ 2, 0, 0.25 ], "axis": "x", "angle": -45 },
			"faces": {
				"down": { "uv": [ 1, 10, 15, 8.666666 ], "texture": "#texture1" },
				"up": { "uv": [ 1, 8.666667, 15, 10 ], "texture": "#texture1" },
				"north": { "uv": [ 1, 9, 15, 10 ], "texture": "#rail" },
				"south": { "uv": [ 1, 10, 15, 11 ], "texture": "#rail" },
				"west": { "uv": [ 1, 1, 2, 3 ], "texture": "#rail", "rotation": 270 },
				"east": { "uv": [ 14, 1, 15, 3 ], "texture": "#rail", "rotation": 90 }
			}
		},
		{
			"__comment": "Box3",
			"from": [ 1, 0, 16.25 ],
			"to": [ 15, 0.5, 18.25 ],
			"rotation": { "origin": [ 2, 0, 0.25 ], "axis": "x", "angle": -45 },
			"faces": {
				"down": { "uv": [ 1, 12.66667, 15, 11.33333 ], "texture": "#texture1" },
				"up": { "uv": [ 1, 11.33333, 15, 12.66667 ], "texture": "#texture1" },
				"north": { "uv": [ 1, 13, 15, 14 ], "texture": "#rail" },
				"south": { "uv": [ 1, 14, 15, 15 ], "texture": "#rail" },
				"west": { "uv": [ 1, 1, 2, 3 ], "texture": "#rail", "rotation": 270 },
				"east": { "uv": [ 14, 1, 15, 3 ], "texture": "#rail", "rotation": 90 }
			}
		},
		{
			"__comment": "Box3",
			"from": [ 1, 0, 1.25 ],
			"to": [ 15, 0.5, 3.25 ],
			"rotation": { "origin": [ 2, 0, 0.25 ], "axis": "x", "angle": -45 },
			"faces": {
				"down": { "uv": [ 1, 2, 15, 0.666667 ], "texture": "#texture1" },
				"up": { "uv": [ 1, 0.666667, 15, 2 ], "texture": "#texture1" },
				"north": { "uv": [ 1, 5, 15, 6 ], "texture": "#rail" },
				"south": { "uv": [ 1, 6, 15, 7 ], "texture": "#rail" },
				"west": { "uv": [ 1, 1, 2, 3 ], "texture": "#rail", "rotation": 270 },
				"east": { "uv": [ 14, 1, 15, 3 ], "texture": "#rail", "rotation": 90 }
			}
		},
		{
			"__comment": "Box3",
			"from": [ 1, 0, 20.25 ],
			"to": [ 15, 0.5, 22.25 ],
			"rotation": { "origin": [ 2, 0, 0.25 ], "axis": "x", "angle": -45 },
			"faces": {
				"down": { "uv": [ 1, 15.33333, 15, 14 ], "texture": "#texture1" },
				"up": { "uv": [ 1, 14, 15, 15.33333 ], "texture": "#texture1" },
				"north": { "uv": [ 1, 9, 15, 10 ], "texture": "#rail" },
				"south": { "uv": [ 1, 10, 15, 11 ], "texture": "#rail" },
				"west": { "uv": [ 1, 1, 2, 3 ], "texture": "#rail", "rotation": 270 },
				"east": { "uv": [ 14, 1, 15, 3 ], "texture": "#rail", "rotation": 90 }
			}
		},
		{
			"__comment": "Box9",
			"from": [ 2, 0, -0.75 ],
			"to": [ 4, 1, 0.25 ],
			"faces": {
				"down": { "uv": [ 14, 15, 12, 16 ], "texture": "#rail" },
				"up": { "uv": [ 14, 15, 12, 16 ], "texture": "#rail" },
				"north": { "uv": [ 12, 15, 14, 16 ], "texture": "#rail" },
				"south": { "uv": [ 12, 15, 14, 16 ], "texture": "#rail" },
				"west": { "uv": [ 13, 15, 14, 16 ], "texture": "#rail" },
				"east": { "uv": [ 12, 15, 13, 16 ], "texture": "#rail" }
			}
		},
		{
			"__comment": "Box9",
			"from": [ 12, 0, -0.75 ],
			"to": [ 14, 1, 0.25 ],
			"faces": {
				"down": { "uv": [ 12, 15, 14, 16 ], "texture": "#rail" },
				"up": { "uv": [ 12, 15, 14, 16 ], "texture": "#rail" },
				"north": { "uv": [ 14, 15, 12, 16 ], "texture": "#rail" },
				"south": { "uv": [ 14, 15, 12, 16 ], "texture": "#rail" },
				"west": { "uv": [ 12, 15, 13, 16 ], "texture": "#rail" },
				"east": { "uv": [ 13, 15, 14, 16 ], "texture": "#rail" }
			}
		},
		{
			"__comment": "Box9",
			"from": [ 12, 16, 15.75 ],
			"to": [ 14, 17, 16.75 ],
			"faces": {
				"down": { "uv": [ 12, 15, 14, 16 ], "texture": "#rail" },
				"up": { "uv": [ 12, 15, 14, 16 ], "texture": "#rail" },
				"north": { "uv": [ 14, 15, 12, 16 ], "texture": "#rail" },
				"south": { "uv": [ 14, 15, 12, 16 ], "texture": "#rail" },
				"west": { "uv": [ 12, 15, 13, 16 ], "texture": "#rail" },
				"east": { "uv": [ 13, 15, 14, 16 ], "texture": "#rail" }
			}
		},
		{
			"__comment": "Box9",
			"from": [ 2, 16, 15.75 ],
			"to": [ 4, 17, 16.75 ],
			"faces": {
				"down": { "uv": [ 4, 1, 2, 0 ], "texture": "#rail" },
				"up": { "uv": [ 2, 0, 4, 1 ], "texture": "#rail" },
				"north": { "uv": [ 12, 15, 14, 16 ], "texture": "#rail" },
				"south": { "uv": [ 12, 15, 14, 16 ], "texture": "#rail" },
				"west": { "uv": [ 13, 15, 14, 16 ], "texture": "#rail" },
				"east": { "uv": [ 12, 15, 13, 16 ], "texture": "#rail" }
			}
		}
	]
}