{
	"__comment": "Designed by Smuthy with Cubik Studio - https://cubik.studio",
	"parent": "block/block",
	"textures": {
		"particle": "block/anvil",
		"body": "block_source/anvil_big",
		"top": "block/anvil_top"
	},
	"elements": [ 	 
		{
			"__comment": "Anvil base",
			"from": [ 2, 0, 2 ],
			"to": [ 14, 4, 14 ],
			"faces": {
				"down": { "uv": [ 9, 9, 15, 15 ], "texture": "#body", "cullface": "down", "rotation": 180 },
				"up": { "uv": [ 9, 9, 15, 15 ], "texture": "#body", "rotation": 180 },
				"north": { "uv": [ 0, 14, 6, 16 ], "texture": "#body" },
				"south": { "uv": [ 0, 14, 6, 16 ], "texture": "#body" },
				"west": { "uv": [ 0, 14, 6, 16 ], "texture": "#body" },
				"east": { "uv": [ 0, 14, 6, 16 ], "texture": "#body" }
			}
		},
		{
			"__comment": "Lower narrow portion",
			"from": [ 4, 4, 3 ],
			"to": [ 12, 5, 13 ],
			"faces": {
				"up": { "uv": [ 0, 8, 5, 12 ], "texture": "#body", "rotation": 270 },
				"north": { "uv": [ 0, 12.5, 4, 13 ], "texture": "#body" },
				"south": { "uv": [ 0, 12.5, 4, 13 ], "texture": "#body" },
				"west": { "uv": [ 0, 13, 5, 13.5 ], "texture": "#body", "rotation": 180 },
				"east": { "uv": [ 0, 13, 5, 13.5 ], "texture": "#body", "rotation": 180 }
			}
		},
		{
			"__comment": "Wider section beneath top portion",
			"from": [ 6, 5, 4 ],
			"to": [ 10, 10, 12 ],
			"faces": {
				"north": { "uv": [ 13, 3.5, 15, 6 ], "texture": "#body" },
				"south": { "uv": [ 13, 3.5, 15, 6 ], "texture": "#body" },
				"west": { "uv": [ 8.5, 3.5, 12.5, 6 ], "texture": "#body" },
				"east": { "uv": [ 12.5, 3.5, 8.5, 6 ], "texture": "#body" }
			}
		},
		{
			"__comment": "Anvil top",
			"from": [ 3, 10, 0 ],
			"to": [ 13, 16, 16 ],
			"faces": {
				"down": { "uv": [ 0, 3.5, 8, 7.5 ], "texture": "#body", "rotation": 270 },
				"up": { "uv": [ 3, 0, 13, 16 ], "texture": "#top", "rotation": 180 },
				"north": { "uv": [ 8.5, 0, 13.5, 3 ], "texture": "#body" },
				"south": { "uv": [ 8.5, 0, 13.5, 3 ], "texture": "#body" },
				"west": { "uv": [ 0, 0, 8, 3 ], "texture": "#body" },
				"east": { "uv": [ 8, 3, 0, 0 ], "texture": "#body", "rotation": 180 }
			}
		}
	],
	"display": {
		"fixed": {
			"rotation":  [ 0, 90, 0 ],
			"scale":  [ 0.5, 0.5, 0.5 ]
		}
	}
}