{
	"__comment": "Designed by Smuthy with Cubik Studio - https://cubik.studio",
	"ambientocclusion": false,
	"textures": {
		"particle": "block/iron_bars",
		"bars": "block/iron_bars",
		"edge": "block/iron_bars"
	},
	"elements": [ 	 
		{
			"__comment": "Box5",
			"from": [ 7, 1, 2 ],
			"to": [ 9, 15, 4 ],
			"faces": {
				"down": { "uv": [ 7, 14, 9, 16 ], "texture": "#bars", "rotation": 270 },
				"up": { "uv": [ 7, 3, 9, 5 ], "texture": "#bars", "rotation": 90 },
				"north": { "uv": [ 12, 1, 13, 15 ], "texture": "#bars" },
				"south": { "uv": [ 13, 1, 14, 15 ], "texture": "#bars" },
				"west": { "uv": [ 12, 1, 14, 15 ], "texture": "#bars" },
				"east": { "uv": [ 14, 1, 12, 15 ], "texture": "#bars" }
			}
		},
		{
			"__comment": "Box7",
			"from": [ 7, 7, 0 ],
			"to": [ 9, 9, 2 ],
			"faces": {
				"down": { "uv": [ 14, 8, 16, 9 ], "texture": "#bars" },
				"up": { "uv": [ 14, 7, 16, 8 ], "texture": "#bars" },
				"north": { "uv": [ 14, 7, 16, 9 ], "texture": "#bars" },
				"south": { "uv": [ 14, 7, 16, 9 ], "texture": "#bars" },
				"west": { "uv": [ 14, 7, 16, 9 ], "texture": "#bars" },
				"east": { "uv": [ 14, 7, 16, 9 ], "texture": "#bars" }
			}
		},
		{
			"__comment": "Box8",
			"from": [ 7, 3, 4 ],
			"to": [ 9, 5, 7 ],
			"faces": {
				"down": { "uv": [ 9, 13, 12, 14 ], "texture": "#bars" },
				"up": { "uv": [ 9, 12, 12, 13 ], "texture": "#bars" },
				"north": { "uv": [ 9, 12, 11, 14 ], "texture": "#bars" },
				"south": { "uv": [ 10, 12, 12, 14 ], "texture": "#bars" },
				"west": { "uv": [ 9, 12, 12, 14 ], "texture": "#bars" },
				"east": { "uv": [ 9, 12, 12, 14 ], "texture": "#bars" }
			}
		},
		{
			"__comment": "Box7",
			"from": [ 7, 15, 0 ],
			"to": [ 9, 16, 7 ],
			"faces": {
				"down": { "uv": [ 9, 9, 7, 16 ], "texture": "#bars", "rotation": 180 },
				"up": { "uv": [ 7, 9, 9, 16 ], "texture": "#bars" },
				"north": { "uv": [ 7, 0, 9, 0.5 ], "texture": "#bars", "rotation": 180 },
				"south": { "uv": [ 7, 0, 9, 0.5 ], "texture": "#bars" },
				"west": { "uv": [ 7.5, 9, 8, 16 ], "texture": "#bars", "rotation": 270 },
				"east": { "uv": [ 8.5, 9, 9, 16 ], "texture": "#bars", "rotation": 90 }
			}
		},
		{
			"__comment": "Box7",
			"from": [ 7, 0, 0 ],
			"to": [ 9, 1, 7 ],
			"faces": {
				"down": { "uv": [ 9, 9, 7, 16 ], "texture": "#bars", "rotation": 180 },
				"up": { "uv": [ 7, 9, 9, 16 ], "texture": "#bars" },
				"north": { "uv": [ 7, 0, 9, 0.5 ], "texture": "#bars", "rotation": 180 },
				"south": { "uv": [ 7, 0, 9, 0.5 ], "texture": "#bars" },
				"west": { "uv": [ 7.5, 9, 8, 16 ], "texture": "#bars", "rotation": 270 },
				"east": { "uv": [ 8.5, 9, 9, 16 ], "texture": "#bars", "rotation": 90 }
			}
		}
	]
}