{
	"__comment": "Designed by Smuthy with Cubik Studio - https://cubik.studio",
	"parent": "block/door_bottom",
	"textures": {
		"bottom": "block/iron_door_bottom",
		"top": "block/iron_door_top",
		"particle": "block_source/iron_door_bottom2",
		"texture": "block_source/iron_door_top2",
		"side": "block_source/iron_door_side"
	},
	"elements": [ 	 
		{
			"__comment": "Box1",
			"from": [ 0.0001, 0, 0 ],
			"to": [ 3.0001, 5, 16 ],
			"faces": {
				"down": { "uv": [ 15, 0, 12, 16 ], "texture": "#side" },
				"up": { "uv": [ 15, 16, 12, 0 ], "texture": "#side" },
				"north": { "uv": [ 9, 11, 12, 16 ], "texture": "#side" },
				"south": { "uv": [ 9, 11, 6, 16 ], "texture": "#side" },
				"west": { "uv": [ 16, 11, 0, 16 ], "texture": "#particle" },
				"east": { "uv": [ 0, 11, 16, 16 ], "texture": "#bottom" }
			}
		},
		{
			"__comment": "Box2",
			"from": [ 0.0001, 5, 11 ],
			"to": [ 3.0001, 16, 16 ],
			"faces": {
				"down": { "uv": [ 0, 6, 5, 9 ], "texture": "#bottom", "rotation": 90 },
				"up": { "uv": [ 0, 6, 5, 9 ], "texture": "#bottom", "rotation": 270 },
				"north": { "uv": [ 9, 0, 12, 11 ], "texture": "#side" },
				"south": { "uv": [ 9, 0, 6, 11 ], "texture": "#side" },
				"west": { "uv": [ 5, 0, 0, 11 ], "texture": "#particle" },
				"east": { "uv": [ 0, 0, 5, 11 ], "texture": "#bottom" }
			}
		},
		{
			"__comment": "Box2",
			"from": [ 0, 5, 0 ],
			"to": [ 3, 16, 5 ],
			"faces": {
				"down": { "uv": [ 0, 6, 5, 9 ], "texture": "#bottom", "rotation": 90 },
				"up": { "uv": [ 0, 6, 5, 9 ], "texture": "#bottom", "rotation": 270 },
				"north": { "uv": [ 9, 0, 12, 11 ], "texture": "#side" },
				"south": { "uv": [ 12, 0, 9, 11 ], "texture": "#side" },
				"west": { "uv": [ 16, 0, 11, 11 ], "texture": "#particle" },
				"east": { "uv": [ 11, 0, 16, 11 ], "texture": "#bottom" }
			}
		}
	]
}