{
	"__comment": "Designed by Smuthy with Cubik Studio - https://cubik.studio",
	"ambientocclusion": false,
	"textures": {
		"particle": "block/iron_bars",
		"bars": "block/iron_bars",
		"edge": "block/iron_bars"
	},
	"elements": [ 	 
		{
			"__comment": "Box5",
			"from": [ 7, 0, 9 ],
			"to": [ 9, 1, 16 ],
			"faces": {
				"down": { "uv": [ 9, 1, 7, 8 ], "texture": "#bars", "rotation": 180 },
				"up": { "uv": [ 7, 1, 9, 8 ], "texture": "#bars" },
				"north": { "uv": [ 7, 0, 9, 1 ], "texture": "#bars", "rotation": 180 },
				"south": { "uv": [ 7, 0, 9, 1 ], "texture": "#bars" },
				"west": { "uv": [ 7, 1, 8, 8 ], "texture": "#bars", "rotation": 270 },
				"east": { "uv": [ 7, 1, 8, 8 ], "texture": "#bars", "rotation": 90 }
			}
		},
		{
			"__comment": "Box7",
			"from": [ 7, 1, 12 ],
			"to": [ 9, 15, 14 ],
			"faces": {
				"down": { "uv": [ 2, 14, 4, 16 ], "texture": "#bars" },
				"up": { "uv": [ 2, 2, 4, 4 ], "texture": "#bars" },
				"north": { "uv": [ 3, 2, 4, 16 ], "texture": "#bars" },
				"south": { "uv": [ 2, 2, 3, 16 ], "texture": "#bars" },
				"west": { "uv": [ 4, 2, 2, 16 ], "texture": "#bars" },
				"east": { "uv": [ 2, 2, 4, 16 ], "texture": "#bars" }
			}
		},
		{
			"__comment": "Box8",
			"from": [ 7, 7, 14 ],
			"to": [ 9, 9, 16 ],
			"faces": {
				"down": { "uv": [ 0, 8, 2, 9 ], "texture": "#bars", "rotation": 270 },
				"up": { "uv": [ 0, 7, 2, 8 ], "texture": "#bars", "rotation": 180 },
				"north": { "uv": [ 0, 7, 1, 9 ], "texture": "#bars" },
				"south": { "uv": [ 1, 7, 2, 9 ], "texture": "#bars" },
				"west": { "uv": [ 0, 7, 2, 9 ], "texture": "#bars" },
				"east": { "uv": [ 2, 7, 0, 9 ], "texture": "#bars" }
			}
		},
		{
			"__comment": "Box8",
			"from": [ 7, 12, 9 ],
			"to": [ 9, 14, 12 ],
			"faces": {
				"down": { "uv": [ 4, 3, 7, 4 ], "texture": "#bars", "rotation": 270 },
				"up": { "uv": [ 4, 2, 7, 3 ], "texture": "#bars", "rotation": 180 },
				"north": { "uv": [ 4, 2, 5, 4 ], "texture": "#bars" },
				"south": { "uv": [ 6, 2, 7, 4 ], "texture": "#bars" },
				"west": { "uv": [ 4, 2, 7, 4 ], "texture": "#bars" },
				"east": { "uv": [ 7, 2, 4, 4 ], "texture": "#bars" }
			}
		},
		{
			"__comment": "Box5",
			"from": [ 7, 15, 9 ],
			"to": [ 9, 16, 16 ],
			"faces": {
				"down": { "uv": [ 9, 1, 7, 8 ], "texture": "#bars", "rotation": 180 },
				"up": { "uv": [ 7, 1, 9, 8 ], "texture": "#bars" },
				"north": { "uv": [ 7, 0, 9, 1 ], "texture": "#bars", "rotation": 180 },
				"south": { "uv": [ 7, 0, 9, 1 ], "texture": "#bars" },
				"west": { "uv": [ 7, 1, 8, 8 ], "texture": "#bars", "rotation": 270 },
				"east": { "uv": [ 7, 1, 8, 8 ], "texture": "#bars", "rotation": 90 }
			}
		},
		{
			"__comment": "Box6",
			"from": [ 7, 0, 7 ],
			"to": [ 9, 16, 9 ],
			"faces": {
				"down": { "uv": [ 7, 7, 8, 8 ], "texture": "#bars" },
				"up": { "uv": [ 7, 8, 8, 9 ], "texture": "#bars" },
				"north": { "uv": [ 8, 0, 9, 16 ], "texture": "#bars" },
				"south": { "uv": [ 7, 0, 8, 16 ], "texture": "#bars" },
				"west": { "uv": [ 9, 0, 7, 16 ], "texture": "#bars" },
				"east": { "uv": [ 7, 0, 9, 16 ], "texture": "#bars" }
			}
		}
	]
}