{
	"__comment": "Designed by Smuthy with Cubik Studio - https://cubik.studio",
	"parent": "block/template_orientable_trapdoor_top",
	"textures": {
		"texture": "block/oak_trapdoor",
		"particle": "block/oak_trapdoor",
		"texture1": "block_source/oak_trapdoor_side"
	},
	"elements": [ 	 
		{
			"__comment": "Box1",
			"from": [ 5, 13, 11 ],
			"to": [ 16, 16, 16 ],
			"faces": {
				"down": { "uv": [ 16, 11, 5, 16 ], "texture": "#texture", "rotation": 180 },
				"up": { "uv": [ 16, 16, 5, 11 ], "texture": "#texture", "rotation": 180 },
				"north": { "uv": [ 6, 0, 7, 16 ], "texture": "#texture1" },
				"south": { "uv": [ 5, 0, 16, 16 ], "texture": "#texture1" },
				"west": { "uv": [ 0, 5, 5, 8 ], "texture": "#texture" },
				"east": { "uv": [ 0, 0, 5, 16 ], "texture": "#texture1" }
			}
		},
		{
			"__comment": "Box1",
			"from": [ 0, 13, 0 ],
			"to": [ 11, 16, 5 ],
			"faces": {
				"down": { "uv": [ 11, 0, 0, 5 ], "texture": "#texture", "rotation": 180 },
				"up": { "uv": [ 11, 5, 0, 0 ], "texture": "#texture", "rotation": 180 },
				"north": { "uv": [ 5, 0, 16, 16 ], "texture": "#texture1" },
				"south": { "uv": [ 7, 0, 8, 16 ], "texture": "#texture1" },
				"west": { "uv": [ 0, 0, 5, 16 ], "texture": "#texture1" },
				"east": { "uv": [ 13, 0, 16, 3 ], "texture": "#texture" }
			}
		},
		{
			"__comment": "Box4",
			"from": [ 11, 13, 0 ],
			"to": [ 16, 16, 11 ],
			"faces": {
				"down": { "uv": [ 16, 0, 11, 11 ], "texture": "#texture", "rotation": 180 },
				"up": { "uv": [ 16, 11, 11, 0 ], "texture": "#texture", "rotation": 180 },
				"north": { "uv": [ 0, 0, 5, 16 ], "texture": "#texture1" },
				"south": { "uv": [ 0, 5, 5, 8 ], "texture": "#texture" },
				"west": { "uv": [ 9, 0, 10, 16 ], "texture": "#texture1" },
				"east": { "uv": [ 5, 0, 16, 16 ], "texture": "#texture1" }
			}
		},
		{
			"__comment": "Box4",
			"from": [ 0, 13, 5 ],
			"to": [ 5, 16, 16 ],
			"faces": {
				"down": { "uv": [ 5, 5, 0, 16 ], "texture": "#texture", "rotation": 180 },
				"up": { "uv": [ 5, 16, 0, 5 ], "texture": "#texture", "rotation": 180 },
				"north": { "uv": [ 0, 5, 5, 8 ], "texture": "#texture" },
				"south": { "uv": [ 0, 0, 5, 16 ], "texture": "#texture1" },
				"west": { "uv": [ 5, 0, 16, 16 ], "texture": "#texture1" },
				"east": { "uv": [ 7.5, 0, 8.5, 16 ], "texture": "#texture1", "rotation": 180 }
			}
		}
	]
}