{
	"__comment": "Designed by Smuthy with Cubik Studio - https://cubik.studio",
	"parent": "block/template_orientable_trapdoor_top",
	"textures": {
		"texture": "block/oak_trapdoor",
		"particle": "block/oak_trapdoor",
		"texture1": "block_source/oak_trapdoor_side"
	},
	"elements": [ 	 
		{
			"__comment": "Box1",
			"from": [ 0, 0, 0 ],
			"to": [ 11, 3, 5 ],
			"faces": {
				"down": { "uv": [ 16, 11, 5, 16 ], "texture": "#texture" },
				"up": { "uv": [ 16, 16, 5, 11 ], "texture": "#texture" },
				"north": { "uv": [ 5, 0, 16, 16 ], "texture": "#texture1" },
				"south": { "uv": [ 6, 0, 7, 16 ], "texture": "#texture1" },
				"west": { "uv": [ 0, 0, 5, 16 ], "texture": "#texture1" },
				"east": { "uv": [ 0, 5, 5, 8 ], "texture": "#texture" }
			}
		},
		{
			"__comment": "Box1",
			"from": [ 5.0001, 0, 11 ],
			"to": [ 16.0001, 3, 16 ],
			"faces": {
				"down": { "uv": [ 11, 0, 0, 5 ], "texture": "#texture" },
				"up": { "uv": [ 11, 5, 0, 0 ], "texture": "#texture" },
				"north": { "uv": [ 7, 0, 8, 16 ], "texture": "#texture1" },
				"south": { "uv": [ 5, 0, 16, 16 ], "texture": "#texture1" },
				"west": { "uv": [ 13, 0, 16, 3 ], "texture": "#texture" },
				"east": { "uv": [ 0, 0, 5, 16 ], "texture": "#texture1" }
			}
		},
		{
			"__comment": "Box4",
			"from": [ 0, 0, 5 ],
			"to": [ 5, 3, 16 ],
			"faces": {
				"down": { "uv": [ 16, 0, 11, 11 ], "texture": "#texture" },
				"up": { "uv": [ 16, 11, 11, 0 ], "texture": "#texture" },
				"north": { "uv": [ 0, 5, 5, 8 ], "texture": "#texture" },
				"south": { "uv": [ 0, 0, 5, 16 ], "texture": "#texture1" },
				"west": { "uv": [ 5, 0, 16, 16 ], "texture": "#texture1" },
				"east": { "uv": [ 9, 0, 10, 16 ], "texture": "#texture1" }
			}
		},
		{
			"__comment": "Box4",
			"from": [ 11, 0, 0 ],
			"to": [ 16, 3, 11 ],
			"faces": {
				"down": { "uv": [ 5, 5, 0, 16 ], "texture": "#texture" },
				"up": { "uv": [ 5, 16, 0, 5 ], "texture": "#texture" },
				"north": { "uv": [ 0, 0, 5, 16 ], "texture": "#texture1" },
				"south": { "uv": [ 0, 5, 5, 8 ], "texture": "#texture" },
				"west": { "uv": [ 7.5, 0, 8.5, 16 ], "texture": "#texture1", "rotation": 180 },
				"east": { "uv": [ 5, 0, 16, 16 ], "texture": "#texture1" }
			}
		}
	],
	"display": {
		"thirdperson_righthand": {
			"rotation":  [ 75, 45, 0 ],
			"translation":  [ 0, 2.5, 2 ],
			"scale":  [ 0.375, 0.375, 0.375 ]
		},
		"thirdperson_lefthand": {
			"rotation":  [ 75, 45, 0 ],
			"translation":  [ 0, 2.5, 2 ],
			"scale":  [ 0.375, 0.375, 0.375 ]
		},
		"firstperson_righthand": {
			"rotation":  [ 5, 47, -5 ],
			"translation":  [ 0.25, 4, 0 ],
			"scale":  [ 0.4, 0.4, 0.4 ]
		},
		"firstperson_lefthand": {
			"rotation":  [ 5, 47, -5 ],
			"translation":  [ 0.25, 4, 0 ],
			"scale":  [ 0.4, 0.4, 0.4 ]
		},
		"gui": {
			"rotation":  [ 30, 225, 0 ],
			"scale":  [ 0.625, 0.625, 0.625 ]
		},
		"ground": {
			"translation":  [ 0, 3, 0 ],
			"scale":  [ 0.25, 0.25, 0.25 ]
		},
		"fixed": {
			"scale":  [ 0.5, 0.5, 0.5 ]
		}
	}
}