{
	"__comment": "Designed by Smuthy with Cubik Studio - https://cubik.studio",
	"parent": "block/rail_curved",
	"textures": {
		"rail": "block/rail_corner"
	},
	"elements": [ 	 
		{
			"__comment": "Box1",
			"from": [ 2, 0, 4 ],
			"to": [ 4, 1, 16 ],
			"faces": {
				"down": { "uv": [ 2, 16, 4, 4 ], "texture": "#rail" },
				"up": { "uv": [ 2, 4, 4, 16 ], "texture": "#rail" },
				"north": { "uv": [ 4, 4, 2, 5 ], "texture": "#rail" },
				"south": { "uv": [ 2, 15, 4, 16 ], "texture": "#rail" },
				"west": { "uv": [ 2, 4, 3, 16 ], "texture": "#rail", "rotation": 270 },
				"east": { "uv": [ 3, 4, 4, 16 ], "texture": "#rail", "rotation": 90 }
			}
		},
		{
			"__comment": "Box2",
			"from": [ 2, 0, 2 ],
			"to": [ 16, 1, 4 ],
			"faces": {
				"down": { "uv": [ 2, 4, 16, 2 ], "texture": "#rail" },
				"up": { "uv": [ 2, 2, 16, 4 ], "texture": "#rail" },
				"north": { "uv": [ 16, 2, 2, 3 ], "texture": "#rail" },
				"south": { "uv": [ 2, 3, 16, 4 ], "texture": "#rail" },
				"west": { "uv": [ 2, 2, 3, 4 ], "texture": "#rail", "rotation": 270 },
				"east": { "uv": [ 15, 2, 16, 4 ], "texture": "#rail", "rotation": 90 }
			}
		},
		{
			"__comment": "Box1",
			"from": [ 12, 0, 14 ],
			"to": [ 14, 1, 16 ],
			"faces": {
				"down": { "uv": [ 12, 16, 14, 14 ], "texture": "#rail" },
				"up": { "uv": [ 12, 14, 14, 16 ], "texture": "#rail" },
				"north": { "uv": [ 14, 15, 12, 16 ], "texture": "#rail" },
				"south": { "uv": [ 12, 14, 14, 15 ], "texture": "#rail" },
				"west": { "uv": [ 12, 14, 13, 16 ], "texture": "#rail", "rotation": 270 },
				"east": { "uv": [ 13, 14, 14, 16 ], "texture": "#rail", "rotation": 90 }
			}
		},
		{
			"__comment": "Box2",
			"from": [ 1, 0, 5 ],
			"to": [ 7, 0.5, 7 ],
			"faces": {
				"down": { "uv": [ 1, 7, 7, 5 ], "texture": "#rail" },
				"up": { "uv": [ 1, 5, 7, 7 ], "texture": "#rail" },
				"north": { "uv": [ 7, 5, 1, 6 ], "texture": "#rail" },
				"south": { "uv": [ 1, 6, 7, 7 ], "texture": "#rail" },
				"west": { "uv": [ 1, 5, 2, 7 ], "texture": "#rail", "rotation": 270 },
				"east": { "uv": [ 6, 5, 7, 7 ], "texture": "#rail", "rotation": 90 }
			}
		},
		{
			"__comment": "Box1",
			"from": [ 5, 0, 1 ],
			"to": [ 7, 0.5, 5 ],
			"faces": {
				"down": { "uv": [ 5, 5, 7, 1 ], "texture": "#rail" },
				"up": { "uv": [ 5, 1, 7, 5 ], "texture": "#rail" },
				"north": { "uv": [ 7, 1, 5, 2 ], "texture": "#rail" },
				"south": { "uv": [ 5, 4, 7, 5 ], "texture": "#rail" },
				"west": { "uv": [ 5, 1, 6, 5 ], "texture": "#rail", "rotation": 270 },
				"east": { "uv": [ 6, 1, 7, 5 ], "texture": "#rail", "rotation": 90 }
			}
		},
		{
			"__comment": "Box2",
			"from": [ 1, 0, 9 ],
			"to": [ 11, 0.5, 11 ],
			"faces": {
				"down": { "uv": [ 1, 11, 11, 9 ], "texture": "#rail" },
				"up": { "uv": [ 1, 9, 11, 11 ], "texture": "#rail" },
				"north": { "uv": [ 11, 9, 1, 10 ], "texture": "#rail" },
				"south": { "uv": [ 1, 10, 11, 11 ], "texture": "#rail" },
				"west": { "uv": [ 1, 9, 2, 11 ], "texture": "#rail", "rotation": 270 },
				"east": { "uv": [ 10, 9, 11, 11 ], "texture": "#rail", "rotation": 90 }
			}
		},
		{
			"__comment": "Box2",
			"from": [ 1, 0, 13 ],
			"to": [ 15, 0.5, 15 ],
			"faces": {
				"down": { "uv": [ 1, 15, 15, 13 ], "texture": "#rail" },
				"up": { "uv": [ 1, 13, 15, 15 ], "texture": "#rail" },
				"north": { "uv": [ 15, 13, 1, 14 ], "texture": "#rail" },
				"south": { "uv": [ 1, 14, 15, 15 ], "texture": "#rail" },
				"west": { "uv": [ 1, 13, 2, 15 ], "texture": "#rail", "rotation": 270 },
				"east": { "uv": [ 14, 13, 15, 15 ], "texture": "#rail", "rotation": 90 }
			}
		},
		{
			"__comment": "Box1",
			"from": [ 9, 0, 1 ],
			"to": [ 11, 0.5, 9 ],
			"faces": {
				"down": { "uv": [ 9, 9, 11, 1 ], "texture": "#rail" },
				"up": { "uv": [ 9, 1, 11, 9 ], "texture": "#rail" },
				"north": { "uv": [ 11, 1, 9, 2 ], "texture": "#rail" },
				"south": { "uv": [ 9, 8, 11, 9 ], "texture": "#rail" },
				"west": { "uv": [ 9, 1, 10, 9 ], "texture": "#rail", "rotation": 270 },
				"east": { "uv": [ 10, 1, 11, 9 ], "texture": "#rail", "rotation": 90 }
			}
		},
		{
			"__comment": "Box1",
			"from": [ 13, 0, 1 ],
			"to": [ 15, 0.5, 13 ],
			"faces": {
				"down": { "uv": [ 13, 13, 15, 1 ], "texture": "#rail" },
				"up": { "uv": [ 13, 1, 15, 13 ], "texture": "#rail" },
				"north": { "uv": [ 15, 1, 13, 2 ], "texture": "#rail" },
				"south": { "uv": [ 13, 12, 15, 13 ], "texture": "#rail" },
				"west": { "uv": [ 13, 1, 14, 13 ], "texture": "#rail", "rotation": 270 },
				"east": { "uv": [ 14, 1, 15, 13 ], "texture": "#rail", "rotation": 90 }
			}
		},
		{
			"__comment": "Box2",
			"from": [ 12, 0, 12 ],
			"to": [ 16, 1, 14 ],
			"faces": {
				"down": { "uv": [ 12, 14, 16, 12 ], "texture": "#rail" },
				"up": { "uv": [ 12, 12, 16, 14 ], "texture": "#rail" },
				"north": { "uv": [ 16, 12, 12, 13 ], "texture": "#rail" },
				"south": { "uv": [ 12, 13, 16, 14 ], "texture": "#rail" },
				"west": { "uv": [ 12, 12, 13, 14 ], "texture": "#rail", "rotation": 270 },
				"east": { "uv": [ 15, 12, 16, 14 ], "texture": "#rail", "rotation": 90 }
			}
		}
	]
}