{
    "ambientocclusion": false,
    "textures": {
        "particle": "#torch"
    },
    "elements": [
        {   "from": [ -1, 3.5, 7 ],
            "to": [ 1, 13.5, 9 ],
            "rotation": { "origin": [ 0, 3.5, 8 ], "axis": "z", "angle": -22.5 },
            "shade": false,
            "faces": {
                "down": { "uv": [ 7, 9, 9, 11 ], "texture": "#torch" },
                "up":   { "uv": [ 7, 6, 9, 7 ], "texture": "#torch" }
            }
        },
        {   "from": [ -1, 3.5, 0 ],
            "to": [ 1, 19.5, 16 ],
            "rotation": { "origin": [ 0, 3.5, 8 ], "axis": "z", "angle": -22.5 },
            "shade": false,
            "faces": {
                "west": { "uv": [ 0, 0, 16, 16 ], "texture": "#torch" },
                "east": { "uv": [ 0, 0, 16, 16 ], "texture": "#torch" }
            }
        },
        {   "from": [ -8, 3.5, 7 ],
            "to": [ 8, 19.5, 9 ],
            "rotation": { "origin": [ 0, 3.5, 8 ], "axis": "z", "angle": -22.5 },
            "shade": false,
            "faces": {
                "north": { "uv": [ 0, 0, 16, 16 ], "texture": "#torch" },
                "south": { "uv": [ 0, 0, 16, 16 ], "texture": "#torch" }
            }
        }
    ]
}
