{
    "variants": {
        "axis=z": [
				  { "model": "block/nether_portal_ew" },
				  { "model": "block/nether_portal_ew_alt1" },
				  { "model": "block/nether_portal_ew_alt2" },
				  { "model": "block/nether_portal_ew_alt3" },
				  { "model": "block/nether_portal_ew_alt4" },
				  { "model": "block/nether_portal_ew_alt5" }
		],
        "axis=x": [
				  { "model": "block/nether_portal_ns" },
				  { "model": "block/nether_portal_ns_alt1" },
				  { "model": "block/nether_portal_ns_alt2" },
				  { "model": "block/nether_portal_ns_alt3" },
				  { "model": "block/nether_portal_ns_alt4" },
				  { "model": "block/nether_portal_ns_alt5" }
		]
    }
}
